Adrien,Coste,Toulouse,France,2017,Java
Adrien,Maillard,Biarritz,France,2019,Java
Adrien,Pineau,Toulouse,France,2018,PHP
Adrienne,Gallet,Toulouse,France,2018,PHP
Adélaïde,Vidal,Toulouse,France,2017,Java
Agathe,Bazin,Toulouse,France,2017,JavaScript
Agnès,Robin,Biarritz,France,2018,PHP
Alain,Coste,Toulouse,France,2017,Java
Alexandre,"Da Silva",Toulouse,France,2019,JavaScript
Alexandrie,Delahaye,Toulouse,France,2017,Java
Alfred,"Da Silva",Biarritz,France,2018,JavaScript
Alphonse,Dumont,Toulouse,France,2017,PHP
Alphonse,Fischer,Toulouse,France,2017,PHP
Alphonse,Leleu,Biarritz,France,2019,JavaScript
Amélie,Philippe,Toulouse,France,2017,Java
Anastasie,Boulanger,Toulouse,France,2017,PHP
Anastasie,Charpentier,Toulouse,France,2017,Java
Anastasie,Roux,Toulouse,France,2019,PHP
Anaïs,Lambert,Toulouse,France,2019,Java
Andrée,Berthelot,Biarritz,France,2019,JavaScript
Antoine,Morvan,Biarritz,France,2018,Java
Arnaude,Barbier,Biarritz,France,2019,Java
Arthur,Bruneau,Biarritz,France,2018,JavaScript
Arthur,Cohen,Toulouse,France,2018,Java
Arthur,Guibert,Toulouse,France,2018,Java
Aurélie,Becker,Toulouse,France,2018,JavaScript
Benjamin,Tanguy,Biarritz,France,2018,JavaScript
Benoît,Descamps,Biarritz,France,2017,PHP
Bernard,Guillot,Biarritz,France,2018,Java
Camille,Raymond,Toulouse,France,2019,PHP
Catherine,Marin,Biarritz,France,2017,Java
Catherine,Robin,Biarritz,France,2018,Java
Chantal,Caron,Biarritz,France,2017,JavaScript
Charlotte,Roche,Biarritz,France,2018,JavaScript
Charlotte,Tanguy,Biarritz,France,2017,PHP
Christelle,Vallet,Biarritz,France,2017,JavaScript
Christophe,Deschamps,Biarritz,France,2018,PHP
Christophe,Gauthier,Toulouse,France,2018,Java
Claude,Samson,Toulouse,France,2019,JavaScript
Colette,Bouvier,Biarritz,France,2018,JavaScript
Céline,Fabre,Toulouse,France,2019,JavaScript
Daniel,Roy,Biarritz,France,2017,JavaScript
Danielle,Lecomte,Toulouse,France,2019,JavaScript
Danielle,Perrin,Toulouse,France,2019,JavaScript
David,Daniel,Biarritz,France,2019,Java
Dominique,Barre,Toulouse,France,2017,Java
Dominique,Briand,Biarritz,France,2017,PHP
Dominique,Guyot,Biarritz,France,2017,PHP
Emmanuelle,Boulanger,Toulouse,France,2017,Java
Emmanuelle,Mercier,Biarritz,France,2017,JavaScript
Eugène,Didier,Biarritz,France,2017,PHP
François,Prevost,Biarritz,France,2018,Java
Frédérique,Rodrigues,Biarritz,France,2017,Java
Gilbert,Diaz,Toulouse,France,2018,Java
Gilbert,Lemaire,Biarritz,France,2017,Java
Gilles,Louis,Biarritz,France,2019,Java
Guillaume,Perrin,Toulouse,France,2019,Java
Henri,Guilbert,Toulouse,France,2018,JavaScript
Hélène,David,Biarritz,France,2018,Java
Hélène,Hoarau,Biarritz,France,2017,Java
Inès,Descamps,Biarritz,France,2019,PHP
Isaac,Martineau,Toulouse,France,2019,PHP
Isabelle,Brunel,Biarritz,France,2017,Java
Isabelle,Pires,Toulouse,France,2018,PHP
Isabelle,Samson,Biarritz,France,2018,Java
Isabelle,Schneider,Toulouse,France,2018,Java
Joseph,Rodriguez,Toulouse,France,2019,PHP
Josette,Martin,Toulouse,France,2018,PHP
Joséphine,"De Oliveira",Biarritz,France,2018,Java
Julien,Ollivier,Toulouse,France,2017,PHP
Jérôme,Hoarau,Biarritz,France,2017,PHP
Laetitia,Schneider,Biarritz,France,2019,JavaScript
Laure,Gaudin,Biarritz,France,2019,PHP
Laurence,Lemaire,Biarritz,France,2019,JavaScript
Laurent,"Le Roux",Biarritz,France,2019,PHP
Laurent,Peltier,Toulouse,France,2018,Java
Lorraine,Dumas,Biarritz,France,2018,Java
Lucas,Lefort,Biarritz,France,2019,Java
Léon,Jacques,Toulouse,France,2017,PHP
Léon,Jacquet,Biarritz,France,2019,JavaScript
Madeleine,Coste,Biarritz,France,2019,Java
Manon,Turpin,Toulouse,France,2018,PHP
Marcel,Olivier,Biarritz,France,2019,JavaScript
Marguerite,Bertin,Toulouse,France,2019,PHP
Martine,Bailly,Biarritz,France,2018,PHP
Maryse,Allain,Toulouse,France,2018,JavaScript
Mathilde,Descamps,Toulouse,France,2019,JavaScript
Matthieu,Gaudin,Toulouse,France,2018,PHP
Maurice,Munoz,Toulouse,France,2017,JavaScript
Maurice,Paris,Toulouse,France,2017,Java
Michel,David,Biarritz,France,2019,JavaScript
Michel,Riou,Biarritz,France,2017,Java
Michelle,Georges,Toulouse,France,2017,Java
Michelle,Legros,Biarritz,France,2017,Java
Michelle,Texier,Toulouse,France,2018,PHP
Michèle,Traore,Toulouse,France,2017,JavaScript
Noémi,Carre,Toulouse,France,2018,PHP
Noël,Marechal,Biarritz,France,2018,PHP
Noël,Meunier,Toulouse,France,2018,PHP
Noël,Noel,Toulouse,France,2019,JavaScript
Odette,Bourdon,Toulouse,France,2018,Java
Odette,Carlier,Toulouse,France,2019,PHP
Olivier,Dufour,Toulouse,France,2018,JavaScript
Patrick,Huet,Toulouse,France,2017,Java
Philippe,Barbe,Biarritz,France,2018,Java
Philippe,Paris,Toulouse,France,2018,JavaScript
Philippine,Lefevre,Biarritz,France,2019,Java
Pénélope,Collet,Toulouse,France,2019,Java
Pénélope,Paris,Biarritz,France,2017,JavaScript
Pénélope,Vallet,Toulouse,France,2018,Java
Raymond,Bouvet,Toulouse,France,2019,JavaScript
Raymond,Perret,Toulouse,France,2018,PHP
Raymond,Poulain,Toulouse,France,2019,Java
René,Robin,Toulouse,France,2017,Java
Renée,Pasquier,Biarritz,France,2017,Java
Richard,Rodrigues,Toulouse,France,2019,PHP
Robert,Delorme,Biarritz,France,2017,PHP
Roger,Garcia,Toulouse,France,2019,PHP
Roger,Normand,Biarritz,France,2019,PHP
Rémy,Boucher,Toulouse,France,2017,Java
Stéphanie,Maillard,Biarritz,France,2017,Java
Susanne,Lucas,Toulouse,France,2019,PHP
Susanne,Rousseau,Biarritz,France,2018,PHP
Sébastien,Ferreira,Biarritz,France,2018,JavaScript
Sébastien,Lefort,Toulouse,France,2019,Java
Thibaut,Bouchet,Biarritz,France,2017,Java
Thierry,Alexandre,Biarritz,France,2017,JavaScript
Thierry,Blanchard,Biarritz,France,2018,Java
Théodore,Bousquet,Biarritz,France,2019,JavaScript
Théodore,Gerard,Toulouse,France,2018,JavaScript
Théodore,Levy,Biarritz,France,2017,Java
Théodore,Regnier,Biarritz,France,2018,JavaScript
Thérèse,Guyot,Biarritz,France,2019,JavaScript
Timothée,Gaudin,Biarritz,France,2018,PHP
Timothée,Henry,Toulouse,France,2018,JavaScript
Victoire,Goncalves,Toulouse,France,2017,Java
Victor,Lopez,Biarritz,France,2019,JavaScript
Vincent,Sanchez,Biarritz,France,2019,JavaScript
Virginie,Gillet,Toulouse,France,2017,PHP
Virginie,Guyon,Toulouse,France,2017,Java
William,Gaudin,Biarritz,France,2019,Java
Yves,Marie,Biarritz,France,2019,JavaScript
Zacharie,Thomas,Toulouse,France,2019,Java
Édith,Turpin,Biarritz,France,2017,JavaScript
Édouard,Bonnin,Biarritz,France,2018,Java
Élisabeth,Bonnet,Biarritz,France,2018,Java
Élisabeth,Laporte,Biarritz,France,2019,PHP
Élodie,Martins,Toulouse,France,2017,Java
Éléonore,Laroche,Toulouse,France,2019,PHP
Éric,Meunier,Toulouse,France,2019,JavaScript
